Billid,rfcode,issuer username,payee username,Total Amount,Monthly Amount,Paid amount,issueDate,dueDate,isPaid,payDate,status,installments,paid installments
213141,RF258239230597150,acme_inc,1234,22.0,7.333333333333333,0.0,2025-12-03,2026-03-02,true,,EXPIRED,0,0
213142,RF97308920,acme_inc,1234,23.0,,0.0,2025-12-04,2026-02-02,true,,EXPIRED,0,0
213143,RF229496552121388852087099857,acme_inc,1234,12321.0,,0.0,2025-12-04,2027-02-02,false,,ACTIVE,0,0
213144,RF03761891935665549920310,acme_inc,1234,12.0,,12.0,2025-12-04,2028-02-02,true,2025-12-04,PAID,1,1
2000000011,RF51453317186303968252205,comuser1,100000001,100.0,,100.0,2026-01-01,2026-01-31,true,2026-01-01,PAID,1,1
2000000012,RF72326508846160834814149,comuser1,100000001,100.0,,100.0,2026-01-01,2026-01-31,true,2026-01-01,PAID,1,1
2000000013,RF81171118980946054002745,comuser1,100000002,100.0,,100.0,2026-01-01,2026-01-31,true,2026-01-01,PAID,1,1
2000000014,RF03711706478855861985380,comuser1,100000002,100.0,,100.0,2026-01-01,2026-01-31,true,2026-01-01,PAID,1,1
2000000015,RF44465530182457209241421,comuser1,100000002,100.0,,100.0,2026-01-01,2026-01-31,true,2026-01-01,PAID,1,1
2000000016,RF59251386168049775806548,comuser1,100000002,50.0,,50.0,2026-01-01,2026-01-31,true,2026-01-01,PAID,0,2
2000000017,RF60819877600084421387844,comuser1,100000002,75.0,,0.0,2026-01-01,2025-12-26,false,,EXPIRED,0,0
2000000018,RF58881113554132668107034,comuser1,100000002,100.0,,100.0,2026-01-01,2026-02-02,true,2026-01-01,PAID,0,2
2000000019,RF86207151831123862462050,comuser1,100000002,125.0,,0.0,2026-01-01,2025-12-24,false,,EXPIRED,0,0
20000000110,RF59318999949597003165899,comuser1,100000002,150.0,,150.0,2026-01-01,2026-02-04,true,2026-01-01,PAID,0,2
2000000021,RF56124481917056528159580,comuser2,100000002,50.0,,50.0,2026-01-01,2026-01-31,true,2026-01-01,PAID,0,2
2000000022,RF21547282945718953661451,comuser2,100000002,75.0,,0.0,2026-01-01,2025-12-26,false,,EXPIRED,0,0
2000000023,RF71207598780186036663377,comuser2,100000002,100.0,,100.0,2026-01-01,2026-02-02,true,2026-01-01,PAID,0,2
2000000024,RF82511929584137144665959,comuser2,100000002,125.0,,0.0,2026-01-01,2025-12-24,false,,EXPIRED,0,0
2000000025,RF11433251071544898138199,comuser2,100000002,150.0,,150.0,2026-01-01,2026-02-04,true,2026-01-01,PAID,0,2
2000000031,RF25407070499714367826300,comuser3,100000002,50.0,,50.0,2026-01-01,2026-01-31,true,2026-01-01,PAID,0,2
2000000032,RF51030898609529543148184,comuser3,100000002,75.0,,0.0,2026-01-01,2025-12-26,false,,EXPIRED,0,0
2000000033,RF93845902175146621061448,comuser3,100000002,100.0,,100.0,2026-01-01,2026-02-02,true,2026-01-01,PAID,0,2
2000000034,RF66706122271990267328161,comuser3,100000002,125.0,,0.0,2026-01-01,2025-12-24,false,,EXPIRED,0,0
2000000035,RF10668571029101048169204,comuser3,100000002,150.0,,150.0,2026-01-01,2026-02-04,true,2026-01-01,PAID,0,2
2000000041,RF93081144616231835684281,comuser4,100000002,50.0,,50.0,2026-01-01,2026-01-31,true,2026-01-01,PAID,0,2
2000000042,RF18828645262977577116337,comuser4,100000002,75.0,,0.0,2026-01-01,2025-12-26,false,,EXPIRED,0,0
2000000043,RF86100675679377457191433,comuser4,100000002,100.0,,100.0,2026-01-01,2026-02-02,true,2026-01-01,PAID,0,2
2000000044,RF85363691118195085917378,comuser4,100000002,125.0,,0.0,2026-01-01,2025-12-24,false,,EXPIRED,0,0
2000000045,RF85648313414977296577922,comuser4,100000002,150.0,,150.0,2026-01-01,2026-02-04,true,2026-01-01,PAID,0,2
2000000051,RF51292254681165420371389,comuser5,100000002,50.0,,50.0,2026-01-01,2026-01-31,true,2026-01-01,PAID,0,2
2000000052,RF66162073967442137951131,comuser5,100000002,75.0,,0.0,2026-01-01,2025-12-26,false,,EXPIRED,0,0
2000000053,RF29503883655410719027037,comuser5,100000002,100.0,,100.0,2026-01-01,2026-02-02,true,2026-01-01,PAID,0,2
2000000054,RF70401545392803906268523,comuser5,100000002,125.0,,0.0,2026-01-01,2025-12-24,false,,EXPIRED,0,0
2000000055,RF39562415558282163394643,comuser5,100000002,150.0,,150.0,2026-01-01,2026-02-04,true,2026-01-01,PAID,0,2
2000000061,RF13111790951299446593333,comuser6,100000002,50.0,,50.0,2026-01-01,2026-01-31,true,2026-01-01,PAID,0,2
2000000062,RF71876001621151693252241,comuser6,100000002,75.0,,0.0,2026-01-01,2025-12-26,false,,EXPIRED,0,0
2000000063,RF64200261496504636232210,comuser6,100000002,100.0,,100.0,2026-01-01,2026-02-02,true,2026-01-01,PAID,0,2
2000000064,RF82279724311317217413495,comuser6,100000002,125.0,,0.0,2026-01-01,2025-12-24,false,,EXPIRED,0,0
2000000065,RF72266888036855348027184,comuser6,100000002,150.0,,150.0,2026-01-01,2026-02-04,true,2026-01-01,PAID,0,2
2000000071,RF81969479819077278238317,comuser7,100000002,50.0,,50.0,2026-01-01,2026-01-31,true,2026-01-01,PAID,0,2
2000000072,RF12442534692931027357027,comuser7,100000002,75.0,,0.0,2026-01-01,2025-12-26,false,,EXPIRED,0,0
2000000073,RF59829227514574593280684,comuser7,100000002,100.0,,100.0,2026-01-01,2026-02-02,true,2026-01-01,PAID,0,2
2000000074,RF37596929884754093565142,comuser7,100000002,125.0,,0.0,2026-01-01,2025-12-24,false,,EXPIRED,0,0
2000000075,RF72722650644843449393525,comuser7,100000002,150.0,,150.0,2026-01-01,2026-02-04,true,2026-01-01,PAID,0,2
2000000081,RF79525216793741987537472,comuser8,100000002,50.0,,50.0,2026-01-01,2026-01-31,true,2026-01-01,PAID,0,2
2000000082,RF53987247150646192977132,comuser8,100000002,75.0,,0.0,2026-01-01,2025-12-26,false,,EXPIRED,0,0
2000000083,RF31361656080039632213459,comuser8,100000002,100.0,,100.0,2026-01-01,2026-02-02,true,2026-01-01,PAID,0,2
2000000084,RF83371997500384927212435,comuser8,100000002,125.0,,0.0,2026-01-01,2025-12-24,false,,EXPIRED,0,0
2000000085,RF60584270190830976392751,comuser8,100000002,150.0,,150.0,2026-01-01,2026-02-04,true,2026-01-01,PAID,0,2
2000000091,RF08539068057050195665418,comuser9,100000002,50.0,,50.0,2026-01-01,2026-01-31,true,2026-01-01,PAID,0,2
2000000092,RF70600797316989162199612,comuser9,100000002,75.0,,0.0,2026-01-01,2025-12-26,false,,EXPIRED,0,0
2000000093,RF93533743221904995353663,comuser9,100000002,100.0,,100.0,2026-01-01,2026-02-02,true,2026-01-01,PAID,0,2
2000000094,RF72202713400812807828461,comuser9,100000002,125.0,,0.0,2026-01-01,2025-12-24,false,,EXPIRED,0,0
2000000095,RF17392453586352923583882,comuser9,100000002,150.0,,150.0,2026-01-01,2026-02-04,true,2026-01-01,PAID,0,2
2000000101,RF92320836563236277261434,comuser10,100000002,50.0,,50.0,2026-01-01,2026-01-31,true,2026-01-01,PAID,0,2
2000000102,RF58860360277402495383579,comuser10,100000002,75.0,,0.0,2026-01-01,2025-12-26,false,,EXPIRED,0,0
2000000103,RF70951773520543647191198,comuser10,100000002,100.0,,100.0,2026-01-01,2026-02-02,true,2026-01-01,PAID,0,2
2000000104,RF70480246132787468197497,comuser10,100000002,125.0,,0.0,2026-01-01,2025-12-24,false,,EXPIRED,0,0
2000000105,RF48087930981259799776457,comuser10,100000002,150.0,,150.0,2026-01-01,2026-02-04,true,2026-01-01,PAID,0,2
20000000111,RF64649685984661169295235,comuser1,100000002,100.0,,100.0,2026-01-01,2026-01-31,true,2026-01-01,PAID,1,1
20000000112,RF96420830140831573851910,comuser1,100000002,50.0,,50.0,2026-01-01,2026-01-31,true,2026-01-01,PAID,0,2
20000000113,RF60530828407053037623179,comuser1,100000002,75.0,,0.0,2026-01-01,2025-12-26,false,,EXPIRED,0,0
20000000114,RF51614399211964060330329,comuser1,100000002,100.0,,100.0,2026-01-01,2026-02-02,true,2026-01-01,PAID,0,2
20000000115,RF33086671757771612492820,comuser1,100000002,125.0,,0.0,2026-01-01,2025-12-24,false,,EXPIRED,0,0
20000000116,RF54217143889965166860543,comuser1,100000002,150.0,,150.0,2026-01-01,2026-02-04,true,2026-01-01,PAID,0,2
2000000026,RF30705273628835211649468,comuser2,100000002,50.0,,50.0,2026-01-01,2026-01-31,true,2026-01-01,PAID,0,2
2000000027,RF96122247604945956273319,comuser2,100000002,75.0,,0.0,2026-01-01,2025-12-26,false,,EXPIRED,0,0
2000000028,RF34156741052581368485936,comuser2,100000002,100.0,,100.0,2026-01-01,2026-02-02,true,2026-01-01,PAID,0,2
2000000029,RF74894820427749075493518,comuser2,100000002,125.0,,0.0,2026-01-01,2025-12-24,false,,EXPIRED,0,0
20000000210,RF10196356318319044955442,comuser2,100000002,150.0,,150.0,2026-01-01,2026-02-04,true,2026-01-01,PAID,0,2
2000000036,RF54877592269362032743889,comuser3,100000002,50.0,,50.0,2026-01-01,2026-01-31,true,2026-01-01,PAID,0,2
2000000037,RF39147174342835428145481,comuser3,100000002,75.0,,0.0,2026-01-01,2025-12-26,false,,EXPIRED,0,0
2000000038,RF43214649500033226332431,comuser3,100000002,100.0,,100.0,2026-01-01,2026-02-02,true,2026-01-01,PAID,0,2
2000000039,RF97093829862287665404761,comuser3,100000002,125.0,,0.0,2026-01-01,2025-12-24,false,,EXPIRED,0,0
20000000310,RF39955890457471185575620,comuser3,100000002,150.0,,150.0,2026-01-01,2026-02-04,true,2026-01-01,PAID,0,2
2000000046,RF96178680283999856084762,comuser4,100000002,50.0,,50.0,2026-01-01,2026-01-31,true,2026-01-01,PAID,0,2
2000000047,RF24879639523448157133668,comuser4,100000002,75.0,,0.0,2026-01-01,2025-12-26,false,,EXPIRED,0,0
2000000048,RF31760462518384115105509,comuser4,100000002,100.0,,100.0,2026-01-01,2026-02-02,true,2026-01-01,PAID,0,2
2000000049,RF43593598274968539959008,comuser4,100000002,125.0,,0.0,2026-01-01,2025-12-24,false,,EXPIRED,0,0
20000000410,RF06711157098146460265460,comuser4,100000002,150.0,,150.0,2026-01-01,2026-02-04,true,2026-01-01,PAID,0,2
2000000056,RF59582888769418144042762,comuser5,100000002,50.0,,50.0,2026-01-01,2026-01-31,true,2026-01-01,PAID,0,2
2000000057,RF76949898301378113271717,comuser5,100000002,75.0,,0.0,2026-01-01,2025-12-26,false,,EXPIRED,0,0
2000000058,RF22140407800264270865078,comuser5,100000002,100.0,,100.0,2026-01-01,2026-02-02,true,2026-01-01,PAID,0,2
2000000059,RF39168389982104176493659,comuser5,100000002,125.0,,0.0,2026-01-01,2025-12-24,false,,EXPIRED,0,0
20000000510,RF95537601926886324731431,comuser5,100000002,150.0,,150.0,2026-01-01,2026-02-04,true,2026-01-01,PAID,0,2
2000000066,RF85607608480241753942692,comuser6,100000002,50.0,,50.0,2026-01-01,2026-01-31,true,2026-01-01,PAID,0,2
2000000067,RF88750944432176773978322,comuser6,100000002,75.0,,0.0,2026-01-01,2025-12-26,false,,EXPIRED,0,0
2000000068,RF45196568886640133400998,comuser6,100000002,100.0,,100.0,2026-01-01,2026-02-02,true,2026-01-01,PAID,0,2
2000000069,RF95356724724754499916477,comuser6,100000002,125.0,,0.0,2026-01-01,2025-12-24,false,,EXPIRED,0,0
20000000610,RF81329245873213716698810,comuser6,100000002,150.0,,150.0,2026-01-01,2026-02-04,true,2026-01-01,PAID,0,2
2000000076,RF46367132566665715439252,comuser7,100000002,50.0,,50.0,2026-01-01,2026-01-31,true,2026-01-01,PAID,0,2
2000000077,RF76838255394312807543430,comuser7,100000002,75.0,,0.0,2026-01-01,2025-12-26,false,,EXPIRED,0,0
2000000078,RF94619589392010282344839,comuser7,100000002,100.0,,100.0,2026-01-01,2026-02-02,true,2026-01-01,PAID,0,2
2000000079,RF43449792357863026967926,comuser7,100000002,125.0,,0.0,2026-01-01,2025-12-24,false,,EXPIRED,0,0
20000000710,RF84034376124880959024174,comuser7,100000002,150.0,,150.0,2026-01-01,2026-02-04,true,2026-01-01,PAID,0,2
2000000086,RF40657334173245226707673,comuser8,100000002,50.0,,50.0,2026-01-01,2026-01-31,true,2026-01-01,PAID,0,2
2000000087,RF34105829013461490122009,comuser8,100000002,75.0,,0.0,2026-01-01,2025-12-26,false,,EXPIRED,0,0
2000000088,RF93719437569899537201388,comuser8,100000002,100.0,,100.0,2026-01-01,2026-02-02,true,2026-01-01,PAID,0,2
2000000089,RF69180686824793711029384,comuser8,100000002,125.0,,0.0,2026-01-01,2025-12-24,false,,EXPIRED,0,0
20000000810,RF50475667057332112595025,comuser8,100000002,150.0,,150.0,2026-01-01,2026-02-04,true,2026-01-01,PAID,0,2
2000000096,RF50985163481454384427782,comuser9,100000002,50.0,,50.0,2026-01-01,2026-01-31,true,2026-01-01,PAID,0,2
2000000097,RF34538520825419000107519,comuser9,100000002,75.0,,0.0,2026-01-01,2025-12-26,false,,EXPIRED,0,0
2000000098,RF15300604897986083839672,comuser9,100000002,100.0,,100.0,2026-01-01,2026-02-02,true,2026-01-01,PAID,0,2
2000000099,RF35432371266837432082646,comuser9,100000002,125.0,,0.0,2026-01-01,2025-12-24,false,,EXPIRED,0,0
20000000910,RF04992112196652161210924,comuser9,100000002,150.0,,150.0,2026-01-01,2026-02-04,true,2026-01-01,PAID,0,2
2000000106,RF56102467421215874659451,comuser10,100000002,50.0,,50.0,2026-01-01,2026-01-31,true,2026-01-01,PAID,0,2
2000000107,RF51735739408684210710966,comuser10,100000002,75.0,,0.0,2026-01-01,2025-12-26,false,,EXPIRED,0,0
2000000108,RF72823475638290627231816,comuser10,100000002,100.0,,100.0,2026-01-01,2026-02-02,true,2026-01-01,PAID,0,2
2000000109,RF65051784818199543189793,comuser10,100000002,125.0,,0.0,2026-01-01,2025-12-24,false,,EXPIRED,0,0
20000001010,RF33779938046182157236632,comuser10,100000002,150.0,,150.0,2026-01-01,2026-02-04,true,2026-01-01,PAID,0,2
20000000117,RF36284028221440200110646,comuser1,100000002,100.0,,100.0,2026-01-01,2026-01-31,true,2026-01-01,PAID,1,1
20000000118,RF24973828689764556296015,comuser1,100000002,50.0,,50.0,2026-01-01,2026-01-31,true,2026-01-01,PAID,0,2
20000000119,RF15149545482390340931842,comuser1,100000002,75.0,,0.0,2026-01-01,2025-12-26,false,,EXPIRED,0,0
20000000120,RF71344147575697765488405,comuser1,100000002,100.0,,100.0,2026-01-01,2026-02-02,true,2026-01-01,PAID,0,2
20000000121,RF10224882577619056541377,comuser1,100000002,125.0,,0.0,2026-01-01,2025-12-24,false,,EXPIRED,0,0
20000000122,RF33476593428359591536198,comuser1,100000002,150.0,,150.0,2026-01-01,2026-02-04,true,2026-01-01,PAID,0,2
20000000211,RF07117441504195355428308,comuser2,100000002,50.0,,50.0,2026-01-01,2026-01-31,true,2026-01-01,PAID,0,2
20000000212,RF18738425192401808869864,comuser2,100000002,75.0,,0.0,2026-01-01,2025-12-26,false,,EXPIRED,0,0
20000000213,RF30186635960085099970653,comuser2,100000002,100.0,,100.0,2026-01-01,2026-02-02,true,2026-01-01,PAID,0,2
20000000214,RF18570821918322393242702,comuser2,100000002,125.0,,0.0,2026-01-01,2025-12-24,false,,EXPIRED,0,0
20000000215,RF68944421145052474821761,comuser2,100000002,150.0,,150.0,2026-01-01,2026-02-04,true,2026-01-01,PAID,0,2
20000000311,RF54274770379591543015466,comuser3,100000002,50.0,,50.0,2026-01-01,2026-01-31,true,2026-01-01,PAID,0,2
20000000312,RF15282925131651255159507,comuser3,100000002,75.0,,0.0,2026-01-01,2025-12-26,false,,EXPIRED,0,0
20000000313,RF60781554092257783795939,comuser3,100000002,100.0,,100.0,2026-01-01,2026-02-02,true,2026-01-01,PAID,0,2
20000000314,RF43736335342984484563001,comuser3,100000002,125.0,,0.0,2026-01-01,2025-12-24,false,,EXPIRED,0,0
20000000315,RF84732209737375644257435,comuser3,100000002,150.0,,150.0,2026-01-01,2026-02-04,true,2026-01-01,PAID,0,2
20000000411,RF66127720601242910409634,comuser4,100000002,50.0,,50.0,2026-01-01,2026-01-31,true,2026-01-01,PAID,0,2
20000000412,RF60602601168249059957210,comuser4,100000002,75.0,,0.0,2026-01-01,2025-12-26,false,,EXPIRED,0,0
20000000413,RF86723097372747105875386,comuser4,100000002,100.0,,100.0,2026-01-01,2026-02-02,true,2026-01-01,PAID,0,2
20000000414,RF49450332540770147304539,comuser4,100000002,125.0,,0.0,2026-01-01,2025-12-24,false,,EXPIRED,0,0
20000000415,RF14285308420176244096094,comuser4,100000002,150.0,,150.0,2026-01-01,2026-02-04,true,2026-01-01,PAID,0,2
20000000511,RF11463729919025319456038,comuser5,100000002,50.0,,50.0,2026-01-01,2026-01-31,true,2026-01-01,PAID,0,2
20000000512,RF40320912971141209916020,comuser5,100000002,75.0,,0.0,2026-01-01,2025-12-26,false,,EXPIRED,0,0
20000000513,RF86551417620282098035508,comuser5,100000002,100.0,,100.0,2026-01-01,2026-02-02,true,2026-01-01,PAID,0,2
20000000514,RF88616862116138397870929,comuser5,100000002,125.0,,0.0,2026-01-01,2025-12-24,false,,EXPIRED,0,0
20000000515,RF10162278112128027911234,comuser5,100000002,150.0,,150.0,2026-01-01,2026-02-04,true,2026-01-01,PAID,0,2
20000000611,RF21648210357936221995341,comuser6,100000002,50.0,,50.0,2026-01-01,2026-01-31,true,2026-01-01,PAID,0,2
20000000612,RF93481813388702434965259,comuser6,100000002,75.0,,0.0,2026-01-01,2025-12-26,false,,EXPIRED,0,0
20000000613,RF21779952182860927387142,comuser6,100000002,100.0,,100.0,2026-01-01,2026-02-02,true,2026-01-01,PAID,0,2
20000000614,RF14640403243333921846289,comuser6,100000002,125.0,,0.0,2026-01-01,2025-12-24,false,,EXPIRED,0,0
20000000615,RF14907079262405369068829,comuser6,100000002,150.0,,150.0,2026-01-01,2026-02-04,true,2026-01-01,PAID,0,2
20000000711,RF67729047817577132220336,comuser7,100000002,50.0,,50.0,2026-01-01,2026-01-31,true,2026-01-01,PAID,0,2
20000000712,RF11438427110564410505197,comuser7,100000002,75.0,,0.0,2026-01-01,2025-12-26,false,,EXPIRED,0,0
20000000713,RF43062626713584309854786,comuser7,100000002,100.0,,100.0,2026-01-01,2026-02-02,true,2026-01-01,PAID,0,2
20000000714,RF55932047248356523530338,comuser7,100000002,125.0,,0.0,2026-01-01,2025-12-24,false,,EXPIRED,0,0
20000000715,RF25029479141937961047983,comuser7,100000002,150.0,,150.0,2026-01-01,2026-02-04,true,2026-01-01,PAID,0,2
20000000811,RF29538867311160894750419,comuser8,100000002,50.0,,50.0,2026-01-01,2026-01-31,true,2026-01-01,PAID,0,2
20000000812,RF03000039801798792819072,comuser8,100000002,75.0,,0.0,2026-01-01,2025-12-26,false,,EXPIRED,0,0
20000000813,RF42537967147344649757631,comuser8,100000002,100.0,,100.0,2026-01-01,2026-02-02,true,2026-01-01,PAID,0,2
20000000814,RF29976112975269120540739,comuser8,100000002,125.0,,0.0,2026-01-01,2025-12-24,false,,EXPIRED,0,0
20000000815,RF96878905687949134699606,comuser8,100000002,150.0,,150.0,2026-01-01,2026-02-04,true,2026-01-01,PAID,0,2
20000000911,RF66544546608299814295974,comuser9,100000002,50.0,,50.0,2026-01-01,2026-01-31,true,2026-01-01,PAID,0,2
20000000912,RF50756805838887202553799,comuser9,100000002,75.0,,0.0,2026-01-01,2025-12-26,false,,EXPIRED,0,0
20000000913,RF80416487771794907056268,comuser9,100000002,100.0,,100.0,2026-01-01,2026-02-02,true,2026-01-01,PAID,0,2
20000000914,RF56043756666723366748023,comuser9,100000002,125.0,,0.0,2026-01-01,2025-12-24,false,,EXPIRED,0,0
20000000915,RF43248910985564958018039,comuser9,100000002,150.0,,150.0,2026-01-01,2026-02-04,true,2026-01-01,PAID,0,2
20000001011,RF53431458777919524632390,comuser10,100000002,50.0,,50.0,2026-01-01,2026-01-31,true,2026-01-01,PAID,0,2
20000001012,RF88783334404882647825523,comuser10,100000002,75.0,,0.0,2026-01-01,2025-12-26,false,,EXPIRED,0,0
20000001013,RF78980135733244942564821,comuser10,100000002,100.0,,100.0,2026-01-01,2026-02-02,true,2026-01-01,PAID,0,2
20000001014,RF07605290083448758140359,comuser10,100000002,125.0,,0.0,2026-01-01,2025-12-24,false,,EXPIRED,0,0
20000001015,RF15260208302047349742789,comuser10,100000002,150.0,,150.0,2026-01-01,2026-02-04,true,2026-01-01,PAID,0,2
20000000123,RF20669960581922655942439,comuser1,100000002,100.0,,100.0,2026-01-01,2026-01-31,true,2026-01-01,PAID,1,1
20000000124,RF64721734260179125987291,comuser1,100000002,50.0,,50.0,2026-01-01,2026-01-31,true,2026-01-01,PAID,0,2
20000000125,RF79840768951046447578539,comuser1,100000002,75.0,,0.0,2026-01-01,2025-12-26,false,,EXPIRED,0,0
20000000126,RF91627275300286521004179,comuser1,100000002,100.0,,100.0,2026-01-01,2026-02-02,true,2026-01-01,PAID,0,2
20000000127,RF83845018738163520999720,comuser1,100000002,125.0,,0.0,2026-01-01,2025-12-24,false,,EXPIRED,0,0
20000000128,RF19000422931829825528100,comuser1,100000002,150.0,,150.0,2026-01-01,2026-02-04,true,2026-01-01,PAID,0,2
20000000216,RF25293804388716219563313,comuser2,100000002,50.0,,50.0,2026-01-01,2026-01-31,true,2026-01-01,PAID,0,2
20000000217,RF79157776605395114500519,comuser2,100000002,75.0,,0.0,2026-01-01,2025-12-26,false,,EXPIRED,0,0
20000000218,RF66931671377319178950144,comuser2,100000002,100.0,,100.0,2026-01-01,2026-02-02,true,2026-01-01,PAID,0,2
20000000219,RF63636445871743967328199,comuser2,100000002,125.0,,0.0,2026-01-01,2025-12-24,false,,EXPIRED,0,0
20000000220,RF11300806588161307934066,comuser2,100000002,150.0,,150.0,2026-01-01,2026-02-04,true,2026-01-01,PAID,0,2
20000000316,RF10399157002843761746281,comuser3,100000002,50.0,,50.0,2026-01-01,2026-01-31,true,2026-01-01,PAID,0,2
20000000317,RF95183707609686528274304,comuser3,100000002,75.0,,0.0,2026-01-01,2025-12-26,false,,EXPIRED,0,0
20000000318,RF18339203048727383153552,comuser3,100000002,100.0,,100.0,2026-01-01,2026-02-02,true,2026-01-01,PAID,0,2
20000000319,RF85353854883575820438144,comuser3,100000002,125.0,,0.0,2026-01-01,2025-12-24,false,,EXPIRED,0,0
20000000320,RF21363972840571865877942,comuser3,100000002,150.0,,150.0,2026-01-01,2026-02-04,true,2026-01-01,PAID,0,2
20000000416,RF16699627305063466633074,comuser4,100000002,50.0,,50.0,2026-01-01,2026-01-31,true,2026-01-01,PAID,0,2
20000000417,RF86080433280429961932685,comuser4,100000002,75.0,,0.0,2026-01-01,2025-12-26,false,,EXPIRED,0,0
20000000418,RF73944422485906380357730,comuser4,100000002,100.0,,100.0,2026-01-01,2026-02-02,true,2026-01-01,PAID,0,2
20000000419,RF19554699683110926598030,comuser4,100000002,125.0,,0.0,2026-01-01,2025-12-24,false,,EXPIRED,0,0
20000000420,RF53727084961451896734877,comuser4,100000002,150.0,,150.0,2026-01-01,2026-02-04,true,2026-01-01,PAID,0,2
20000000516,RF15152708940752778496675,comuser5,100000002,50.0,,50.0,2026-01-01,2026-01-31,true,2026-01-01,PAID,0,2
20000000517,RF46180770522308923164889,comuser5,100000002,75.0,,0.0,2026-01-01,2025-12-26,false,,EXPIRED,0,0
20000000518,RF91977237249349545142794,comuser5,100000002,100.0,,100.0,2026-01-01,2026-02-02,true,2026-01-01,PAID,0,2
20000000519,RF60604865256733014431296,comuser5,100000002,125.0,,0.0,2026-01-01,2025-12-24,false,,EXPIRED,0,0
20000000520,RF48654964617286793097052,comuser5,100000002,150.0,,150.0,2026-01-01,2026-02-04,true,2026-01-01,PAID,0,2
20000000616,RF21684827934108317082553,comuser6,100000002,50.0,,50.0,2026-01-01,2026-01-31,true,2026-01-01,PAID,0,2
20000000617,RF72914946371586803645122,comuser6,100000002,75.0,,0.0,2026-01-01,2025-12-26,false,,EXPIRED,0,0
20000000618,RF08401330807149238124236,comuser6,100000002,100.0,,100.0,2026-01-01,2026-02-02,true,2026-01-01,PAID,0,2
20000000619,RF02856892335610267063956,comuser6,100000002,125.0,,0.0,2026-01-01,2025-12-24,false,,EXPIRED,0,0
20000000620,RF87441291211577508025468,comuser6,100000002,150.0,,150.0,2026-01-01,2026-02-04,true,2026-01-01,PAID,0,2
20000000716,RF73621857577998022390665,comuser7,100000002,50.0,,50.0,2026-01-01,2026-01-31,true,2026-01-01,PAID,0,2
20000000717,RF59939341897238117442968,comuser7,100000002,75.0,,0.0,2026-01-01,2025-12-26,false,,EXPIRED,0,0
20000000718,RF13653218081451340808260,comuser7,100000002,100.0,,100.0,2026-01-01,2026-02-02,true,2026-01-01,PAID,0,2
20000000719,RF03839191051568283173399,comuser7,100000002,125.0,,0.0,2026-01-01,2025-12-24,false,,EXPIRED,0,0
20000000720,RF47338525661618035850133,comuser7,100000002,150.0,,150.0,2026-01-01,2026-02-04,true,2026-01-01,PAID,0,2
20000000816,RF96080836381415940153278,comuser8,100000002,50.0,,50.0,2026-01-01,2026-01-31,true,2026-01-01,PAID,0,2
20000000817,RF92671905019504276178275,comuser8,100000002,75.0,,0.0,2026-01-01,2025-12-26,false,,EXPIRED,0,0
20000000818,RF71595348795255502240103,comuser8,100000002,100.0,,100.0,2026-01-01,2026-02-02,true,2026-01-01,PAID,0,2
20000000819,RF23417295687152644751299,comuser8,100000002,125.0,,0.0,2026-01-01,2025-12-24,false,,EXPIRED,0,0
20000000820,RF10520453138519540079856,comuser8,100000002,150.0,,150.0,2026-01-01,2026-02-04,true,2026-01-01,PAID,0,2
20000000916,RF64283450744034942673259,comuser9,100000002,50.0,,50.0,2026-01-01,2026-01-31,true,2026-01-01,PAID,0,2
20000000917,RF73978308213454611265971,comuser9,100000002,75.0,,0.0,2026-01-01,2025-12-26,false,,EXPIRED,0,0
20000000918,RF47687856846086866414994,comuser9,100000002,100.0,,100.0,2026-01-01,2026-02-02,true,2026-01-01,PAID,0,2
20000000919,RF14538690153428001659721,comuser9,100000002,125.0,,0.0,2026-01-01,2025-12-24,false,,EXPIRED,0,0
20000000920,RF98155337663493121316973,comuser9,100000002,150.0,,150.0,2026-01-01,2026-02-04,true,2026-01-01,PAID,0,2
20000001016,RF44621360048485093189844,comuser10,100000002,50.0,,50.0,2026-01-01,2026-01-31,true,2026-01-01,PAID,0,2
20000001017,RF76158520854371406557282,comuser10,100000002,75.0,,0.0,2026-01-01,2025-12-26,false,,EXPIRED,0,0
20000001018,RF73357195448061752425689,comuser10,100000002,100.0,,100.0,2026-01-01,2026-02-02,true,2026-01-01,PAID,0,2
20000001019,RF74159647682712630331691,comuser10,100000002,125.0,,0.0,2026-01-01,2025-12-24,false,,EXPIRED,0,0
20000001020,RF23029133174749514028796,comuser10,100000002,150.0,,150.0,2026-01-01,2026-02-04,true,2026-01-01,PAID,0,2
20000000129,RF17864428287622457721304,comuser1,100000002,100.0,,100.0,2026-01-01,2026-01-31,true,2026-01-01,PAID,1,1
20000000130,RF48726835350108651016865,comuser1,100000002,50.0,,50.0,2026-01-01,2026-01-31,true,2026-01-01,PAID,0,2
20000000131,RF68036010652039469353483,comuser1,100000002,75.0,,0.0,2026-01-01,2025-12-26,false,,EXPIRED,0,0
20000000132,RF39717371770044649604363,comuser1,100000002,100.0,,100.0,2026-01-01,2026-02-02,true,2026-01-01,PAID,0,2
20000000133,RF50696906474818092563754,comuser1,100000002,125.0,,0.0,2026-01-01,2025-12-24,false,,EXPIRED,0,0
20000000134,RF26224984009002903655740,comuser1,100000002,150.0,,150.0,2026-01-01,2026-02-04,true,2026-01-01,PAID,0,2
20000000221,RF72546225562250201650071,comuser2,100000002,50.0,,50.0,2026-01-01,2026-01-31,true,2026-01-01,PAID,0,2
20000000222,RF03564488728482919979341,comuser2,100000002,75.0,,0.0,2026-01-01,2025-12-26,false,,EXPIRED,0,0
20000000223,RF95669087885086301572670,comuser2,100000002,100.0,,100.0,2026-01-01,2026-02-02,true,2026-01-01,PAID,0,2
20000000224,RF76816225091526389390619,comuser2,100000002,125.0,,0.0,2026-01-01,2025-12-24,false,,EXPIRED,0,0
20000000225,RF40631535713700316463400,comuser2,100000002,150.0,,150.0,2026-01-01,2026-02-04,true,2026-01-01,PAID,0,2
20000000321,RF79336840250765881463841,comuser3,100000002,50.0,,50.0,2026-01-01,2026-01-31,true,2026-01-01,PAID,0,2
20000000322,RF74644144370675570632182,comuser3,100000002,75.0,,0.0,2026-01-01,2025-12-26,false,,EXPIRED,0,0
20000000323,RF95861765010386386992536,comuser3,100000002,100.0,,100.0,2026-01-01,2026-02-02,true,2026-01-01,PAID,0,2
20000000324,RF87842295484729100094705,comuser3,100000002,125.0,,0.0,2026-01-01,2025-12-24,false,,EXPIRED,0,0
20000000325,RF68281719362697312999390,comuser3,100000002,150.0,,150.0,2026-01-01,2026-02-04,true,2026-01-01,PAID,0,2
20000000421,RF70414113742023283145322,comuser4,100000002,50.0,,50.0,2026-01-01,2026-01-31,true,2026-01-01,PAID,0,2
20000000422,RF70098810589197580723907,comuser4,100000002,75.0,,0.0,2026-01-01,2025-12-26,false,,EXPIRED,0,0
20000000423,RF69022223611118506262302,comuser4,100000002,100.0,,100.0,2026-01-01,2026-02-02,true,2026-01-01,PAID,0,2
20000000424,RF63919397303688165413453,comuser4,100000002,125.0,,0.0,2026-01-01,2025-12-24,false,,EXPIRED,0,0
20000000425,RF06741453918267186373744,comuser4,100000002,150.0,,150.0,2026-01-01,2026-02-04,true,2026-01-01,PAID,0,2
20000000521,RF66190124575531249154988,comuser5,100000002,50.0,,50.0,2026-01-01,2026-01-31,true,2026-01-01,PAID,0,2
20000000522,RF20786405572699264416579,comuser5,100000002,75.0,,0.0,2026-01-01,2025-12-26,false,,EXPIRED,0,0
20000000523,RF95047632467633732925811,comuser5,100000002,100.0,,100.0,2026-01-01,2026-02-02,true,2026-01-01,PAID,0,2
20000000524,RF18550955244315153325527,comuser5,100000002,125.0,,0.0,2026-01-01,2025-12-24,false,,EXPIRED,0,0
20000000525,RF17568065162429622987292,comuser5,100000002,150.0,,150.0,2026-01-01,2026-02-04,true,2026-01-01,PAID,0,2
20000000621,RF51131840823800169872487,comuser6,100000002,50.0,,50.0,2026-01-01,2026-01-31,true,2026-01-01,PAID,0,2
20000000622,RF45227337125296231913089,comuser6,100000002,75.0,,0.0,2026-01-01,2025-12-26,false,,EXPIRED,0,0
20000000623,RF50397366963514709732787,comuser6,100000002,100.0,,100.0,2026-01-01,2026-02-02,true,2026-01-01,PAID,0,2
20000000624,RF60271217913142545528184,comuser6,100000002,125.0,,0.0,2026-01-01,2025-12-24,false,,EXPIRED,0,0
20000000625,RF39753611964789340990957,comuser6,100000002,150.0,,150.0,2026-01-01,2026-02-04,true,2026-01-01,PAID,0,2
20000000721,RF86818753308666418104795,comuser7,100000002,50.0,,50.0,2026-01-01,2026-01-31,true,2026-01-01,PAID,0,2
20000000722,RF15140161418084497855498,comuser7,100000002,75.0,,0.0,2026-01-01,2025-12-26,false,,EXPIRED,0,0
20000000723,RF20570023327516694941654,comuser7,100000002,100.0,,100.0,2026-01-01,2026-02-02,true,2026-01-01,PAID,0,2
20000000724,RF41370650477085612730321,comuser7,100000002,125.0,,0.0,2026-01-01,2025-12-24,false,,EXPIRED,0,0
20000000725,RF81036702774215384158090,comuser7,100000002,150.0,,150.0,2026-01-01,2026-02-04,true,2026-01-01,PAID,0,2
20000000821,RF08064634204347419254140,comuser8,100000002,50.0,,50.0,2026-01-01,2026-01-31,true,2026-01-01,PAID,0,2
20000000822,RF36557073172443574188318,comuser8,100000002,75.0,,0.0,2026-01-01,2025-12-26,false,,EXPIRED,0,0
20000000823,RF53249124656192546932218,comuser8,100000002,100.0,,100.0,2026-01-01,2026-02-02,true,2026-01-01,PAID,0,2
20000000824,RF30366938431207211017921,comuser8,100000002,125.0,,0.0,2026-01-01,2025-12-24,false,,EXPIRED,0,0
20000000825,RF87426078872803358829539,comuser8,100000002,150.0,,150.0,2026-01-01,2026-02-04,true,2026-01-01,PAID,0,2
20000000921,RF11245579888483173680951,comuser9,100000002,50.0,,50.0,2026-01-01,2026-01-31,true,2026-01-01,PAID,0,2
20000000922,RF65085696777965522433759,comuser9,100000002,75.0,,0.0,2026-01-01,2025-12-26,false,,EXPIRED,0,0
20000000923,RF64593158296307015595300,comuser9,100000002,100.0,,100.0,2026-01-01,2026-02-02,true,2026-01-01,PAID,0,2
20000000924,RF70257015551327661086559,comuser9,100000002,125.0,,0.0,2026-01-01,2025-12-24,false,,EXPIRED,0,0
20000000925,RF07243353480306176936346,comuser9,100000002,150.0,,150.0,2026-01-01,2026-02-04,true,2026-01-01,PAID,0,2
20000001021,RF55566897091222352128950,comuser10,100000002,50.0,,50.0,2026-01-01,2026-01-31,true,2026-01-01,PAID,0,2
20000001022,RF46613323562504960116822,comuser10,100000002,75.0,,0.0,2026-01-01,2025-12-26,false,,EXPIRED,0,0
20000001023,RF58394036960314696591519,comuser10,100000002,100.0,,100.0,2026-01-01,2026-02-02,true,2026-01-01,PAID,0,2
20000001024,RF82667457532590684807923,comuser10,100000002,125.0,,0.0,2026-01-01,2025-12-24,false,,EXPIRED,0,0
20000001025,RF15912115137898565400530,comuser10,100000002,150.0,,150.0,2026-01-01,2026-02-04,true,2026-01-01,PAID,1,2
20000000135,RF96744851269499124358649,comuser1,100000002,100.0,,100.0,2026-01-01,2026-01-31,true,2026-01-01,PAID,1,1
20000000136,RF81299729759842903316361,comuser1,100000002,50.0,,50.0,2026-01-01,2026-01-31,true,2026-01-01,PAID,1,2
20000000137,RF75101868806843402196098,comuser1,100000002,75.0,,0.0,2026-01-01,2025-12-26,false,,EXPIRED,1,0
20000000138,RF71545041252115048624867,comuser1,100000002,100.0,,100.0,2026-01-01,2026-02-02,true,2026-01-01,PAID,1,2
20000000139,RF76959069418981147223535,comuser1,100000002,125.0,,0.0,2026-01-01,2025-12-24,false,,EXPIRED,1,0
20000000140,RF07340486347517185609785,comuser1,100000002,150.0,,150.0,2026-01-01,2026-02-04,true,2026-01-01,PAID,1,2
20000000226,RF27855436819959839151915,comuser2,100000002,50.0,,50.0,2026-01-01,2026-01-31,true,2026-01-01,PAID,1,2
20000000227,RF03004171267334109836057,comuser2,100000002,75.0,,0.0,2026-01-01,2025-12-26,false,,EXPIRED,1,0
20000000228,RF96756702592010596419142,comuser2,100000002,100.0,,100.0,2026-01-01,2026-02-02,true,2026-01-01,PAID,1,2
20000000229,RF39730249595771804688647,comuser2,100000002,125.0,,0.0,2026-01-01,2025-12-24,false,,EXPIRED,1,0
20000000230,RF54177689932636051985340,comuser2,100000002,150.0,,150.0,2026-01-01,2026-02-04,true,2026-01-01,PAID,1,2
20000000326,RF10775775950823103020703,comuser3,100000002,50.0,,50.0,2026-01-01,2026-01-31,true,2026-01-01,PAID,1,2
20000000327,RF67744622418067431084603,comuser3,100000002,75.0,,0.0,2026-01-01,2025-12-26,false,,EXPIRED,1,0
20000000328,RF47959234558385287442523,comuser3,100000002,100.0,,100.0,2026-01-01,2026-02-02,true,2026-01-01,PAID,1,2
20000000329,RF63168581182436970153913,comuser3,100000002,125.0,,0.0,2026-01-01,2025-12-24,false,,EXPIRED,1,0
20000000330,RF04072251988977568095415,comuser3,100000002,150.0,,150.0,2026-01-01,2026-02-04,true,2026-01-01,PAID,1,2
20000000426,RF18790926153168853898005,comuser4,100000002,50.0,,50.0,2026-01-01,2026-01-31,true,2026-01-01,PAID,1,2
20000000427,RF76177579332559481210070,comuser4,100000002,75.0,,0.0,2026-01-01,2025-12-26,false,,EXPIRED,1,0
20000000428,RF15351604749039016717751,comuser4,100000002,100.0,,100.0,2026-01-01,2026-02-02,true,2026-01-01,PAID,1,2
20000000429,RF80729939225585357863591,comuser4,100000002,125.0,,0.0,2026-01-01,2025-12-24,false,,EXPIRED,1,0
20000000430,RF18465795284530954981468,comuser4,100000002,150.0,,150.0,2026-01-01,2026-02-04,true,2026-01-01,PAID,1,2
20000000526,RF34111939494447505192165,comuser5,100000002,50.0,,50.0,2026-01-01,2026-01-31,true,2026-01-01,PAID,1,2
20000000527,RF74146064160872072773012,comuser5,100000002,75.0,,0.0,2026-01-01,2025-12-26,false,,EXPIRED,1,0
20000000528,RF98724318921240613362416,comuser5,100000002,100.0,,100.0,2026-01-01,2026-02-02,true,2026-01-01,PAID,1,2
20000000529,RF71125378759905693496850,comuser5,100000002,125.0,,0.0,2026-01-01,2025-12-24,false,,EXPIRED,1,0
20000000530,RF92555058231044620326644,comuser5,100000002,150.0,,150.0,2026-01-01,2026-02-04,true,2026-01-01,PAID,1,2
20000000626,RF42188204559346756342018,comuser6,100000002,50.0,,50.0,2026-01-01,2026-01-31,true,2026-01-01,PAID,1,2
20000000627,RF88737841742410031161236,comuser6,100000002,75.0,,0.0,2026-01-01,2025-12-26,false,,EXPIRED,1,0
20000000628,RF35460819919314400215158,comuser6,100000002,100.0,,100.0,2026-01-01,2026-02-02,true,2026-01-01,PAID,1,2
20000000629,RF23226685029355071532354,comuser6,100000002,125.0,,0.0,2026-01-01,2025-12-24,false,,EXPIRED,1,0
20000000630,RF21172303729790866492928,comuser6,100000002,150.0,,150.0,2026-01-01,2026-02-04,true,2026-01-01,PAID,1,2
20000000726,RF71677814177964804807219,comuser7,100000002,50.0,,50.0,2026-01-01,2026-01-31,true,2026-01-01,PAID,1,2
20000000727,RF17987588410497204637084,comuser7,100000002,75.0,,0.0,2026-01-01,2025-12-26,false,,EXPIRED,1,0
20000000728,RF46189210971214819438913,comuser7,100000002,100.0,,100.0,2026-01-01,2026-02-02,true,2026-01-01,PAID,1,2
20000000729,RF15886198331185569361260,comuser7,100000002,125.0,,0.0,2026-01-01,2025-12-24,false,,EXPIRED,1,0
20000000730,RF41877768282038680312555,comuser7,100000002,150.0,,150.0,2026-01-01,2026-02-04,true,2026-01-01,PAID,1,2
20000000826,RF57693509675448101956042,comuser8,100000002,50.0,,50.0,2026-01-01,2026-01-31,true,2026-01-01,PAID,1,2
20000000827,RF49335896189369924386705,comuser8,100000002,75.0,,0.0,2026-01-01,2025-12-26,false,,EXPIRED,1,0
20000000828,RF20966603976952046506376,comuser8,100000002,100.0,,100.0,2026-01-01,2026-02-02,true,2026-01-01,PAID,1,2
20000000829,RF46928487339643951375291,comuser8,100000002,125.0,,0.0,2026-01-01,2025-12-24,false,,EXPIRED,1,0
20000000830,RF97955702589930100356321,comuser8,100000002,150.0,,150.0,2026-01-01,2026-02-04,true,2026-01-01,PAID,1,2
20000000926,RF80945388491397820439928,comuser9,100000002,50.0,,50.0,2026-01-01,2026-01-31,true,2026-01-01,PAID,1,2
20000000927,RF17841010877903328075023,comuser9,100000002,75.0,,0.0,2026-01-01,2025-12-26,false,,EXPIRED,1,0
20000000928,RF28732281893619454987451,comuser9,100000002,100.0,,100.0,2026-01-01,2026-02-02,true,2026-01-01,PAID,1,2
20000000929,RF74254076690950642996708,comuser9,100000002,125.0,,0.0,2026-01-01,2025-12-24,false,,EXPIRED,1,0
20000000930,RF38466278718625583168460,comuser9,100000002,150.0,,150.0,2026-01-01,2026-02-04,true,2026-01-01,PAID,1,2
20000001026,RF65255412582223452410562,comuser10,100000002,50.0,,50.0,2026-01-01,2026-01-31,true,2026-01-01,PAID,1,2
20000001027,RF84656117055077032164292,comuser10,100000002,75.0,,0.0,2026-01-01,2025-12-26,false,,EXPIRED,1,0
20000001028,RF08128758702059399557999,comuser10,100000002,100.0,,100.0,2026-01-01,2026-02-02,true,2026-01-01,PAID,1,2
20000001029,RF47306095095979086954686,comuser10,100000002,125.0,,0.0,2026-01-01,2025-12-24,false,,EXPIRED,1,0
20000001030,RF06449037003860101889722,comuser10,100000002,150.0,,150.0,2026-01-01,2026-02-04,true,2026-01-01,PAID,1,2
20000000141,RF68094771004030894358781,comuser1,100000002,100.0,,100.0,2026-01-01,2026-01-31,true,2026-01-01,PAID,1,1
20000000142,RF60473960943608240947327,comuser1,100000002,50.0,,50.0,2026-01-01,2026-01-31,true,2026-01-01,PAID,1,2
20000000143,RF17021457485630463659950,comuser1,100000002,75.0,,0.0,2026-01-01,2025-12-26,false,,EXPIRED,1,0
20000000144,RF24540463353424517676628,comuser1,100000002,100.0,,100.0,2026-01-01,2026-02-02,true,2026-01-01,PAID,1,2
20000000145,RF38203280325638955072416,comuser1,100000002,125.0,,0.0,2026-01-01,2025-12-24,false,,EXPIRED,1,0
20000000146,RF68069136499533252711644,comuser1,100000002,150.0,,150.0,2026-01-01,2026-02-04,true,2026-01-01,PAID,1,2
20000000147,RF83128647093681017455645,comuser1,100000002,100.0,,100.0,2026-01-01,2026-01-31,true,2026-01-01,PAID,1,2
20000000148,RF11282703455305605532334,comuser1,100000002,50.0,,50.0,2026-01-01,2026-01-31,true,2026-01-01,PAID,1,2
20000000149,RF10466489132707976949721,comuser1,100000002,75.0,,0.0,2026-01-01,2025-12-26,false,,EXPIRED,1,0
20000000150,RF43873337926829577563756,comuser1,100000002,100.0,,100.0,2026-01-01,2026-02-02,true,2026-01-01,PAID,1,2
20000000151,RF19459553295760001714094,comuser1,100000002,125.0,,0.0,2026-01-01,2025-12-24,false,,EXPIRED,1,0
20000000152,RF97114789711944573459900,comuser1,100000002,150.0,,150.0,2026-01-01,2026-02-04,true,2026-01-01,PAID,1,2
20000000231,RF89882057472609097504571,comuser2,100000002,50.0,,50.0,2026-01-01,2026-01-31,true,2026-01-01,PAID,1,2
20000000232,RF65454660810468859320902,comuser2,100000002,50.0,,50.0,2026-01-01,2026-01-31,true,2026-01-01,PAID,1,2
20000000233,RF78833699768504108192554,comuser2,100000002,75.0,,0.0,2026-01-01,2025-12-26,false,,EXPIRED,1,0
20000000234,RF53905882684915645496886,comuser2,100000002,100.0,,100.0,2026-01-01,2026-02-02,true,2026-01-01,PAID,1,2
20000000235,RF97404613002785077784833,comuser2,100000002,125.0,,0.0,2026-01-01,2025-12-24,false,,EXPIRED,1,0
20000000236,RF32510551276947191190981,comuser2,100000002,150.0,,150.0,2026-01-01,2026-02-04,true,2026-01-01,PAID,1,2
20000000331,RF45686528041217072613601,comuser3,100000002,50.0,,50.0,2026-01-01,2026-01-31,true,2026-01-01,PAID,1,2
20000000332,RF75749935559619250923938,comuser3,100000002,75.0,,0.0,2026-01-01,2025-12-26,false,,EXPIRED,1,0
20000000333,RF69279870432325620701326,comuser3,100000002,100.0,,100.0,2026-01-01,2026-02-02,true,2026-01-01,PAID,1,2
20000000334,RF77245033267629021630927,comuser3,100000002,125.0,,0.0,2026-01-01,2025-12-24,false,,EXPIRED,1,0
20000000335,RF31804314794292788179029,comuser3,100000002,150.0,,150.0,2026-01-01,2026-02-04,true,2026-01-01,PAID,1,2
20000000431,RF06898295624607326726208,comuser4,100000002,50.0,,50.0,2026-01-01,2026-01-31,true,2026-01-01,PAID,1,2
20000000432,RF48579281180271664010537,comuser4,100000002,75.0,,0.0,2026-01-01,2025-12-26,false,,EXPIRED,1,0
20000000433,RF44589055882318908913623,comuser4,100000002,100.0,,100.0,2026-01-01,2026-02-02,true,2026-01-01,PAID,1,2
20000000434,RF06846621245533435575900,comuser4,100000002,125.0,,0.0,2026-01-01,2025-12-24,false,,EXPIRED,1,0
20000000435,RF45985014959289882343089,comuser4,100000002,150.0,,150.0,2026-01-01,2026-02-04,true,2026-01-01,PAID,1,2
20000000531,RF66511630793316810365242,comuser5,100000002,50.0,,50.0,2026-01-01,2026-01-31,true,2026-01-01,PAID,1,2
20000000532,RF96508249633217968143513,comuser5,100000002,75.0,,0.0,2026-01-01,2025-12-26,false,,EXPIRED,1,0
20000000533,RF06654702940446568800146,comuser5,100000002,100.0,,100.0,2026-01-01,2026-02-02,true,2026-01-01,PAID,1,2
20000000534,RF07332739719141989567708,comuser5,100000002,125.0,,0.0,2026-01-01,2025-12-24,false,,EXPIRED,1,0
20000000535,RF32746393850350850695741,comuser5,100000002,150.0,,150.0,2026-01-01,2026-02-04,true,2026-01-01,PAID,1,2
20000000631,RF69962539614839810005644,comuser6,100000002,50.0,,50.0,2026-01-01,2026-01-31,true,2026-01-01,PAID,1,2
20000000632,RF89865908836004702794973,comuser6,100000002,75.0,,0.0,2026-01-01,2025-12-26,false,,EXPIRED,1,0
20000000633,RF23005884093543615446426,comuser6,100000002,100.0,,100.0,2026-01-01,2026-02-02,true,2026-01-01,PAID,1,2
20000000634,RF72353757292152506125486,comuser6,100000002,125.0,,0.0,2026-01-01,2025-12-24,false,,EXPIRED,1,0
20000000635,RF24611535492339754669802,comuser6,100000002,150.0,,150.0,2026-01-01,2026-02-04,true,2026-01-01,PAID,1,2
20000000731,RF92624470188199352467196,comuser7,100000002,50.0,,50.0,2026-01-01,2026-01-31,true,2026-01-01,PAID,1,2
20000000732,RF64547289638215925556218,comuser7,100000002,75.0,,0.0,2026-01-01,2025-12-26,false,,EXPIRED,1,0
20000000733,RF07730297336044518766306,comuser7,100000002,100.0,,100.0,2026-01-01,2026-02-02,true,2026-01-01,PAID,1,2
20000000734,RF55324436081725867453939,comuser7,100000002,125.0,,0.0,2026-01-01,2025-12-24,false,,EXPIRED,1,0
20000000735,RF45265475101849145268193,comuser7,100000002,150.0,,150.0,2026-01-01,2026-02-04,true,2026-01-01,PAID,1,2
20000000831,RF58807335188874481577730,comuser8,100000002,50.0,,50.0,2026-01-01,2026-01-31,true,2026-01-01,PAID,1,2
20000000832,RF98880712133380401588737,comuser8,100000002,75.0,,0.0,2026-01-01,2025-12-26,false,,EXPIRED,1,0
20000000833,RF08192385041593308993160,comuser8,100000002,100.0,,100.0,2026-01-01,2026-02-02,true,2026-01-01,PAID,1,2
20000000834,RF29297660871409536716650,comuser8,100000002,125.0,,0.0,2026-01-01,2025-12-24,false,,EXPIRED,1,0
20000000835,RF21867574122005109051612,comuser8,100000002,150.0,,150.0,2026-01-01,2026-02-04,true,2026-01-01,PAID,1,2
20000000931,RF59429952701350024149266,comuser9,100000002,50.0,,50.0,2026-01-01,2026-01-31,true,2026-01-01,PAID,1,2
20000000932,RF92934903253519184079951,comuser9,100000002,75.0,,0.0,2026-01-01,2025-12-26,false,,EXPIRED,1,0
20000000933,RF15422497743944432183143,comuser9,100000002,100.0,,100.0,2026-01-01,2026-02-02,true,2026-01-01,PAID,1,2
20000000934,RF92833205450866697552391,comuser9,100000002,125.0,,0.0,2026-01-01,2025-12-24,false,,EXPIRED,1,0
20000000935,RF68675516170780000153006,comuser9,100000002,150.0,,150.0,2026-01-01,2026-02-04,true,2026-01-01,PAID,1,2
20000001031,RF82877171735892702420456,comuser10,100000002,50.0,,50.0,2026-01-01,2026-01-31,true,2026-01-01,PAID,1,2
20000001032,RF39315299828455108146414,comuser10,100000002,75.0,,0.0,2026-01-01,2025-12-26,false,,EXPIRED,1,0
20000001033,RF25959548634368337031852,comuser10,100000002,100.0,,100.0,2026-01-01,2026-02-02,true,2026-01-01,PAID,1,2
20000001034,RF16499756204232245229554,comuser10,100000002,125.0,,0.0,2026-01-01,2025-12-24,false,,EXPIRED,1,0
20000001035,RF75097527723160572642369,comuser10,100000002,150.0,,150.0,2026-01-01,2026-02-04,true,2026-01-01,PAID,1,2
20000000153,RF36575158814114023137957,comuser1,100000002,100.0,,100.0,2026-01-01,2026-01-31,true,2026-01-01,PAID,1,1
20000000154,RF89150374893119599731219,comuser1,100000002,50.0,,50.0,2026-01-01,2026-01-31,true,2026-01-01,PAID,1,2
20000000155,RF32868560274317410670961,comuser1,100000002,75.0,,0.0,2026-01-01,2025-12-26,false,,EXPIRED,1,0
20000000156,RF26788738415384557936048,comuser1,100000002,100.0,,100.0,2026-01-01,2026-02-02,true,2026-01-01,PAID,1,2
20000000157,RF65644670721233984856583,comuser1,100000002,125.0,,0.0,2026-01-01,2025-12-24,false,,EXPIRED,1,0
20000000158,RF65577256626010744040859,comuser1,100000002,150.0,,150.0,2026-01-01,2026-02-04,true,2026-01-01,PAID,1,2
20000000237,RF76614791634278920387902,comuser2,100000002,50.0,,50.0,2026-01-01,2026-01-31,true,2026-01-01,PAID,1,2
20000000238,RF06902017488612480867904,comuser2,100000002,75.0,,0.0,2026-01-01,2025-12-26,false,,EXPIRED,1,0
20000000239,RF95934108382153513299023,comuser2,100000002,100.0,,100.0,2026-01-01,2026-02-02,true,2026-01-01,PAID,1,2
20000000240,RF43164863950335160430998,comuser2,100000002,125.0,,0.0,2026-01-01,2025-12-24,false,,EXPIRED,1,0
20000000241,RF35114168125913914551139,comuser2,100000002,150.0,,150.0,2026-01-01,2026-02-04,true,2026-01-01,PAID,1,2
20000000336,RF59402443238876805203179,comuser3,100000002,50.0,,50.0,2026-01-01,2026-01-31,true,2026-01-01,PAID,1,2
20000000337,RF93744298648852228720077,comuser3,100000002,75.0,,0.0,2026-01-01,2025-12-26,false,,EXPIRED,1,0
20000000338,RF25374555808096175353916,comuser3,100000002,100.0,,100.0,2026-01-01,2026-02-02,true,2026-01-01,PAID,1,2
20000000339,RF97997862352275236908264,comuser3,100000002,125.0,,0.0,2026-01-01,2025-12-24,false,,EXPIRED,1,0
20000000340,RF65882723308845133317194,comuser3,100000002,150.0,,150.0,2026-01-01,2026-02-04,true,2026-01-01,PAID,1,2
20000000436,RF67910579987064125240343,comuser4,100000002,50.0,,50.0,2026-01-01,2026-01-31,true,2026-01-01,PAID,1,2
20000000437,RF02379956584672773784088,comuser4,100000002,75.0,,0.0,2026-01-01,2025-12-26,false,,EXPIRED,1,0
20000000438,RF25005085014491951952739,comuser4,100000002,100.0,,100.0,2026-01-01,2026-02-02,true,2026-01-01,PAID,1,2
20000000439,RF80146124195977860096812,comuser4,100000002,125.0,,0.0,2026-01-01,2025-12-24,false,,EXPIRED,1,0
20000000440,RF48553781771269411154037,comuser4,100000002,150.0,,150.0,2026-01-01,2026-02-04,true,2026-01-01,PAID,1,2
20000000536,RF57800396356553681141478,comuser5,100000002,50.0,,50.0,2026-01-01,2026-01-31,true,2026-01-01,PAID,1,2
20000000537,RF06850127686136266144093,comuser5,100000002,75.0,,0.0,2026-01-01,2025-12-26,false,,EXPIRED,1,0
20000000538,RF57420841410082594643423,comuser5,100000002,100.0,,100.0,2026-01-01,2026-02-02,true,2026-01-01,PAID,1,2
20000000539,RF31954796630321223810053,comuser5,100000002,125.0,,0.0,2026-01-01,2025-12-24,false,,EXPIRED,1,0
20000000540,RF78546570056217045032729,comuser5,100000002,150.0,,150.0,2026-01-01,2026-02-04,true,2026-01-01,PAID,1,2
20000000636,RF73410433179413620163787,comuser6,100000002,50.0,,50.0,2026-01-01,2026-01-31,true,2026-01-01,PAID,1,2
20000000637,RF95942258569272416899838,comuser6,100000002,75.0,,0.0,2026-01-01,2025-12-26,false,,EXPIRED,1,0
20000000638,RF23496695828013188394816,comuser6,100000002,100.0,,100.0,2026-01-01,2026-02-02,true,2026-01-01,PAID,1,2
20000000639,RF74586231490936621864140,comuser6,100000002,125.0,,0.0,2026-01-01,2025-12-24,false,,EXPIRED,1,0
20000000640,RF66665723578881773383540,comuser6,100000002,150.0,,150.0,2026-01-01,2026-02-04,true,2026-01-01,PAID,1,2
20000000736,RF48382749730584407736287,comuser7,100000002,50.0,,50.0,2026-01-01,2026-01-31,true,2026-01-01,PAID,1,2
20000000737,RF76019753614044475470716,comuser7,100000002,75.0,,0.0,2026-01-01,2025-12-26,false,,EXPIRED,1,0
20000000738,RF60393634630366570325067,comuser7,100000002,100.0,,100.0,2026-01-01,2026-02-02,true,2026-01-01,PAID,1,2
20000000739,RF51454958218060952939338,comuser7,100000002,125.0,,0.0,2026-01-01,2025-12-24,false,,EXPIRED,1,0
20000000740,RF71578515131525024338927,comuser7,100000002,150.0,,150.0,2026-01-01,2026-02-04,true,2026-01-01,PAID,1,2
20000000836,RF53436073988676480996206,comuser8,100000002,50.0,,50.0,2026-01-01,2026-01-31,true,2026-01-01,PAID,1,2
20000000837,RF08229672635707263133477,comuser8,100000002,75.0,,0.0,2026-01-01,2025-12-26,false,,EXPIRED,1,0
20000000838,RF89976266696990494793755,comuser8,100000002,100.0,,100.0,2026-01-01,2026-02-02,true,2026-01-01,PAID,1,2
20000000839,RF68298804711660837151601,comuser8,100000002,125.0,,0.0,2026-01-01,2025-12-24,false,,EXPIRED,1,0
20000000840,RF78971664133604684998096,comuser8,100000002,150.0,,150.0,2026-01-01,2026-02-04,true,2026-01-01,PAID,1,2
20000000936,RF95303115225166926871432,comuser9,100000002,50.0,,50.0,2026-01-01,2026-01-31,true,2026-01-01,PAID,1,2
20000000937,RF90244809833353409991330,comuser9,100000002,75.0,,0.0,2026-01-01,2025-12-26,false,,EXPIRED,1,0
20000000938,RF91784932638054821251795,comuser9,100000002,100.0,,100.0,2026-01-01,2026-02-02,true,2026-01-01,PAID,1,2
20000000939,RF05623920310744570621979,comuser9,100000002,125.0,,0.0,2026-01-01,2025-12-24,false,,EXPIRED,1,0
20000000940,RF48095565192767855670343,comuser9,100000002,150.0,,150.0,2026-01-01,2026-02-04,true,2026-01-01,PAID,1,2
20000001036,RF71324077928799006427914,comuser10,100000002,50.0,,50.0,2026-01-01,2026-01-31,true,2026-01-01,PAID,1,2
20000001037,RF70283700916103777597695,comuser10,100000002,75.0,,0.0,2026-01-01,2025-12-26,false,,EXPIRED,1,0
20000001038,RF81898592822125969384206,comuser10,100000002,100.0,,100.0,2026-01-01,2026-02-02,true,2026-01-01,PAID,1,2
20000001039,RF78900313610139639489003,comuser10,100000002,125.0,,0.0,2026-01-01,2025-12-24,false,,EXPIRED,1,0
20000001040,RF21452571580243627095696,comuser10,100000002,150.0,,150.0,2026-01-01,2026-02-04,true,2026-01-01,PAID,1,2
20000000159,RF31383259532697745577394,comuser1,100000002,100.0,,100.0,2026-01-01,2026-01-31,true,2026-01-01,PAID,1,1
20000000160,RF14414103995725514172701,comuser1,100000002,50.0,,50.0,2026-01-01,2026-01-31,true,2026-01-01,PAID,1,2
20000000161,RF07880225893060759440383,comuser1,100000002,75.0,,0.0,2026-01-01,2025-12-26,false,,EXPIRED,1,0
20000000162,RF15587980169780009569750,comuser1,100000002,100.0,,100.0,2026-01-01,2026-02-02,true,2026-01-01,PAID,1,2
20000000163,RF22326418187641158706895,comuser1,100000002,125.0,,0.0,2026-01-01,2025-12-24,false,,EXPIRED,1,0
20000000164,RF85185908985592533038159,comuser1,100000002,150.0,,150.0,2026-01-01,2026-02-04,true,2026-01-01,PAID,1,2
20000000242,RF80638099982612124397348,comuser2,100000002,50.0,,50.0,2026-01-01,2026-01-31,true,2026-01-01,PAID,1,2
20000000243,RF17085267557460979460932,comuser2,100000002,75.0,,0.0,2026-01-01,2025-12-26,false,,EXPIRED,1,0
20000000244,RF67728596959853271769511,comuser2,100000002,100.0,,100.0,2026-01-01,2026-02-02,true,2026-01-01,PAID,1,2
20000000245,RF21170584056843689836703,comuser2,100000002,125.0,,0.0,2026-01-01,2025-12-24,false,,EXPIRED,1,0
20000000246,RF81640462096486535092190,comuser2,100000002,150.0,,150.0,2026-01-01,2026-02-04,true,2026-01-01,PAID,1,2
20000000341,RF80277345384502469420228,comuser3,100000002,50.0,,50.0,2026-01-01,2026-01-31,true,2026-01-01,PAID,1,2
20000000342,RF95466935311936746307077,comuser3,100000002,75.0,,0.0,2026-01-01,2025-12-26,false,,EXPIRED,1,0
20000000343,RF53773519087336193180085,comuser3,100000002,100.0,,100.0,2026-01-01,2026-02-02,true,2026-01-01,PAID,1,2
20000000344,RF63002044188273368127436,comuser3,100000002,125.0,,0.0,2026-01-01,2025-12-24,false,,EXPIRED,1,0
20000000345,RF63701286019289376254376,comuser3,100000002,150.0,,150.0,2026-01-01,2026-02-04,true,2026-01-01,PAID,1,2
20000000441,RF15847890742310783516801,comuser4,100000002,50.0,,50.0,2026-01-01,2026-01-31,true,2026-01-01,PAID,1,2
20000000442,RF48350955742171544475574,comuser4,100000002,75.0,,0.0,2026-01-01,2025-12-26,false,,EXPIRED,1,0
20000000443,RF83180054757650730459964,comuser4,100000002,100.0,,100.0,2026-01-01,2026-02-02,true,2026-01-01,PAID,1,2
20000000444,RF95574901250301235358966,comuser4,100000002,125.0,,0.0,2026-01-01,2025-12-24,false,,EXPIRED,1,0
20000000445,RF98844607313711897671563,comuser4,100000002,150.0,,150.0,2026-01-01,2026-02-04,true,2026-01-01,PAID,1,2
20000000541,RF90135380156955684153390,comuser5,100000002,50.0,,50.0,2026-01-01,2026-01-31,true,2026-01-01,PAID,1,2
20000000542,RF13206542372832175295247,comuser5,100000002,75.0,,0.0,2026-01-01,2025-12-26,false,,EXPIRED,1,0
20000000543,RF27258033569368069297519,comuser5,100000002,100.0,,100.0,2026-01-01,2026-02-02,true,2026-01-01,PAID,1,2
20000000544,RF04590901072039522699815,comuser5,100000002,125.0,,0.0,2026-01-01,2025-12-24,false,,EXPIRED,1,0
20000000545,RF88621137815477719018395,comuser5,100000002,150.0,,150.0,2026-01-01,2026-02-04,true,2026-01-01,PAID,1,2
20000000641,RF32537887037630656596948,comuser6,100000002,50.0,,50.0,2026-01-01,2026-01-31,true,2026-01-01,PAID,1,2
20000000642,RF54212526217488264853677,comuser6,100000002,75.0,,0.0,2026-01-01,2025-12-26,false,,EXPIRED,1,0
20000000643,RF29370714029491732981624,comuser6,100000002,100.0,,100.0,2026-01-01,2026-02-02,true,2026-01-01,PAID,1,2
20000000644,RF65156498538889272572482,comuser6,100000002,125.0,,0.0,2026-01-01,2025-12-24,false,,EXPIRED,1,0
20000000645,RF07852027782980130227213,comuser6,100000002,150.0,,150.0,2026-01-01,2026-02-04,true,2026-01-01,PAID,1,2
20000000741,RF63168466260516069996930,comuser7,100000002,50.0,,50.0,2026-01-01,2026-01-31,true,2026-01-01,PAID,1,2
20000000742,RF91714449649224667753373,comuser7,100000002,75.0,,0.0,2026-01-01,2025-12-26,false,,EXPIRED,1,0
20000000743,RF62556014369756138496445,comuser7,100000002,100.0,,100.0,2026-01-01,2026-02-02,true,2026-01-01,PAID,1,2
20000000744,RF98541452569892747992174,comuser7,100000002,125.0,,0.0,2026-01-01,2025-12-24,false,,EXPIRED,1,0
20000000745,RF80695210090340234639239,comuser7,100000002,150.0,,150.0,2026-01-01,2026-02-04,true,2026-01-01,PAID,1,2
20000000841,RF69245084398343010210394,comuser8,100000002,50.0,,50.0,2026-01-01,2026-01-31,true,2026-01-01,PAID,1,2
20000000842,RF38137386250380212695281,comuser8,100000002,75.0,,0.0,2026-01-01,2025-12-26,false,,EXPIRED,1,0
20000000843,RF76132920948000236009930,comuser8,100000002,100.0,,100.0,2026-01-01,2026-02-02,true,2026-01-01,PAID,1,2
20000000844,RF73774525766517187108481,comuser8,100000002,125.0,,0.0,2026-01-01,2025-12-24,false,,EXPIRED,1,0
20000000845,RF75769848031981073926611,comuser8,100000002,150.0,,150.0,2026-01-01,2026-02-04,true,2026-01-01,PAID,1,2
20000000941,RF60997187893837791720343,comuser9,100000002,50.0,,50.0,2026-01-01,2026-01-31,true,2026-01-01,PAID,1,2
20000000942,RF28384810214401559098938,comuser9,100000002,75.0,,0.0,2026-01-01,2025-12-26,false,,EXPIRED,1,0
20000000943,RF55867359650912206570596,comuser9,100000002,100.0,,100.0,2026-01-01,2026-02-02,true,2026-01-01,PAID,1,2
20000000944,RF88369888087226584599098,comuser9,100000002,125.0,,0.0,2026-01-01,2025-12-24,false,,EXPIRED,1,0
20000000945,RF54165867011213538090892,comuser9,100000002,150.0,,150.0,2026-01-01,2026-02-04,true,2026-01-01,PAID,1,2
20000001041,RF06582116961776858239651,comuser10,100000002,50.0,,50.0,2026-01-01,2026-01-31,true,2026-01-01,PAID,1,2
20000001042,RF78406427128365609743721,comuser10,100000002,75.0,,0.0,2026-01-01,2025-12-26,false,,EXPIRED,1,0
20000001043,RF97541226849711302682260,comuser10,100000002,100.0,,100.0,2026-01-01,2026-02-02,true,2026-01-01,PAID,1,2
20000001044,RF54419436768211685557702,comuser10,100000002,125.0,,0.0,2026-01-01,2025-12-24,false,,EXPIRED,1,0
20000001045,RF17512640424489149110238,comuser10,100000002,150.0,,150.0,2026-01-01,2026-02-04,true,2026-01-01,PAID,1,2
20000000165,RF22013511545901911788741,comuser1,100000002,100.0,,100.0,2026-01-01,2026-01-31,true,2026-01-01,PAID,1,1
20000000166,RF87703304647826028268954,comuser1,100000002,50.0,,50.0,2026-01-01,2026-01-31,true,2026-01-01,PAID,1,1
20000000167,RF74896012202956575664748,comuser1,100000002,75.0,,0.0,2026-01-01,2025-12-26,false,,EXPIRED,1,0
20000000168,RF83755021302288975264602,comuser1,100000002,100.0,,100.0,2026-01-01,2026-02-02,true,2026-01-01,PAID,1,1
20000000169,RF74645349100543930633561,comuser1,100000002,125.0,,0.0,2026-01-01,2025-12-24,false,,EXPIRED,1,0
20000000170,RF14937986088194379381224,comuser1,100000002,150.0,,150.0,2026-01-01,2026-02-04,true,2026-01-01,PAID,1,1
20000000247,RF41667118228514282955471,comuser2,100000002,50.0,,50.0,2026-01-01,2026-01-31,true,2026-01-01,PAID,1,1
20000000248,RF66430934042159817610602,comuser2,100000002,75.0,,0.0,2026-01-01,2025-12-26,false,,EXPIRED,1,0
20000000249,RF70159105191329014284354,comuser2,100000002,100.0,,100.0,2026-01-01,2026-02-02,true,2026-01-01,PAID,1,1
20000000250,RF28822946809350740117448,comuser2,100000002,125.0,,0.0,2026-01-01,2025-12-24,false,,EXPIRED,1,0
20000000251,RF20243206946480468987204,comuser2,100000002,150.0,,150.0,2026-01-01,2026-02-04,true,2026-01-01,PAID,1,1
20000000346,RF84460569155114027876662,comuser3,100000002,50.0,,50.0,2026-01-01,2026-01-31,true,2026-01-01,PAID,1,1
20000000347,RF65141597323311830309606,comuser3,100000002,75.0,,0.0,2026-01-01,2025-12-26,false,,EXPIRED,1,0
20000000348,RF92543549985723360770413,comuser3,100000002,100.0,,100.0,2026-01-01,2026-02-02,true,2026-01-01,PAID,1,1
20000000349,RF26146202165521361890081,comuser3,100000002,125.0,,0.0,2026-01-01,2025-12-24,false,,EXPIRED,1,0
20000000350,RF68692624909395909444617,comuser3,100000002,150.0,,150.0,2026-01-01,2026-02-04,true,2026-01-01,PAID,1,1
20000000446,RF91840303235785087619739,comuser4,100000002,50.0,,50.0,2026-01-01,2026-01-31,true,2026-01-01,PAID,1,1
20000000447,RF48494172180895362488543,comuser4,100000002,75.0,,0.0,2026-01-01,2025-12-26,false,,EXPIRED,1,0
20000000448,RF50922282909434450450055,comuser4,100000002,100.0,,100.0,2026-01-01,2026-02-02,true,2026-01-01,PAID,1,1
20000000449,RF19708256148079039741954,comuser4,100000002,125.0,,0.0,2026-01-01,2025-12-24,false,,EXPIRED,1,0
20000000450,RF70030356672320274884567,comuser4,100000002,150.0,,150.0,2026-01-01,2026-02-04,true,2026-01-01,PAID,1,1
20000000546,RF45635514606717052454071,comuser5,100000002,50.0,,50.0,2026-01-01,2026-01-31,true,2026-01-01,PAID,1,1
20000000547,RF07339048613822010627129,comuser5,100000002,75.0,,0.0,2026-01-01,2025-12-26,false,,EXPIRED,1,0
20000000548,RF30263394658586412998695,comuser5,100000002,100.0,,100.0,2026-01-01,2026-02-02,true,2026-01-01,PAID,1,1
20000000549,RF77920574276116037248690,comuser5,100000002,125.0,,0.0,2026-01-01,2025-12-24,false,,EXPIRED,1,0
20000000550,RF37876572048038893099535,comuser5,100000002,150.0,,150.0,2026-01-01,2026-02-04,true,2026-01-01,PAID,1,1
20000000646,RF23810050856936947565235,comuser6,100000002,50.0,,50.0,2026-01-01,2026-01-31,true,2026-01-01,PAID,1,1
20000000647,RF51004846421190830396390,comuser6,100000002,75.0,,0.0,2026-01-01,2025-12-26,false,,EXPIRED,1,0
20000000648,RF02419772804936671717557,comuser6,100000002,100.0,,100.0,2026-01-01,2026-02-02,true,2026-01-01,PAID,1,1
20000000649,RF54538656169405657309800,comuser6,100000002,125.0,,0.0,2026-01-01,2025-12-24,false,,EXPIRED,1,0
20000000650,RF76019112580395171248924,comuser6,100000002,150.0,,150.0,2026-01-01,2026-02-04,true,2026-01-01,PAID,1,1
20000000746,RF86576167105492576276926,comuser7,100000002,50.0,,50.0,2026-01-01,2026-01-31,true,2026-01-01,PAID,1,1
20000000747,RF85840950946561598799164,comuser7,100000002,75.0,,0.0,2026-01-01,2025-12-26,false,,EXPIRED,1,0
20000000748,RF59623114127461038709134,comuser7,100000002,100.0,,100.0,2026-01-01,2026-02-02,true,2026-01-01,PAID,1,1
20000000749,RF09448504973646330398900,comuser7,100000002,125.0,,0.0,2026-01-01,2025-12-24,false,,EXPIRED,1,0
20000000750,RF89692623228993148886725,comuser7,100000002,150.0,,150.0,2026-01-01,2026-02-04,true,2026-01-01,PAID,1,1
20000000846,RF42170689974799784089141,comuser8,100000002,50.0,,50.0,2026-01-01,2026-01-31,true,2026-01-01,PAID,1,1
20000000847,RF91771256367407263726107,comuser8,100000002,75.0,,0.0,2026-01-01,2025-12-26,false,,EXPIRED,1,0
20000000848,RF20971641819143150361005,comuser8,100000002,100.0,,100.0,2026-01-01,2026-02-02,true,2026-01-01,PAID,1,1
20000000849,RF71893985731016901858455,comuser8,100000002,125.0,,0.0,2026-01-01,2025-12-24,false,,EXPIRED,1,0
20000000850,RF60599209384694677435182,comuser8,100000002,150.0,,150.0,2026-01-01,2026-02-04,true,2026-01-01,PAID,1,1
20000000946,RF73792109164421862133075,comuser9,100000002,50.0,,50.0,2026-01-01,2026-01-31,true,2026-01-01,PAID,1,1
20000000947,RF26405980824282331823138,comuser9,100000002,75.0,,0.0,2026-01-01,2025-12-26,false,,EXPIRED,1,0
20000000948,RF39836735114242006923946,comuser9,100000002,100.0,,100.0,2026-01-01,2026-02-02,true,2026-01-01,PAID,1,1
20000000949,RF70122801461063821772603,comuser9,100000002,125.0,,0.0,2026-01-01,2025-12-24,false,,EXPIRED,1,0
20000000950,RF85977931683584959098740,comuser9,100000002,150.0,,150.0,2026-01-01,2026-02-04,true,2026-01-01,PAID,1,1
20000001046,RF69231144653680730639719,comuser10,100000002,50.0,,50.0,2026-01-01,2026-01-31,true,2026-01-01,PAID,1,1
20000001047,RF77150006168855549651446,comuser10,100000002,75.0,,0.0,2026-01-01,2025-12-26,false,,EXPIRED,1,0
20000001048,RF73745230777242716152222,comuser10,100000002,100.0,,100.0,2026-01-01,2026-02-02,true,2026-01-01,PAID,1,1
20000001049,RF66448797911209758000181,comuser10,100000002,125.0,,0.0,2026-01-01,2025-12-24,false,,EXPIRED,1,0
20000001050,RF47861065448988786486441,comuser10,100000002,150.0,,150.0,2026-01-01,2026-02-04,true,2026-01-01,PAID,1,1
20000000171,RF63905934945796147967706,comuser1,100000002,100.0,,100.0,2026-01-01,2026-01-31,true,2026-01-01,PAID,1,1
20000000172,RF54072657291093608748358,comuser1,100000002,50.0,,50.0,2026-01-01,2026-01-31,true,2026-01-01,PAID,1,1
20000000173,RF13747684893488168757618,comuser1,100000002,75.0,,0.0,2026-01-01,2025-12-26,false,,EXPIRED,1,0
20000000174,RF36651407462383385921731,comuser1,100000002,100.0,,100.0,2026-01-01,2026-02-02,true,2026-01-01,PAID,1,1
20000000175,RF85467153135029076490878,comuser1,100000002,125.0,,0.0,2026-01-01,2025-12-24,false,,EXPIRED,1,0
20000000176,RF90596044905739921394101,comuser1,100000002,150.0,,150.0,2026-01-01,2026-02-04,true,2026-01-01,PAID,1,1
20000000252,RF27466086029456533019897,comuser2,100000002,50.0,,50.0,2026-01-01,2026-01-31,true,2026-01-01,PAID,1,1
20000000253,RF34952097270161299423319,comuser2,100000002,75.0,,0.0,2026-01-01,2025-12-26,false,,EXPIRED,1,0
20000000254,RF45003990704739802326522,comuser2,100000002,100.0,,100.0,2026-01-01,2026-02-02,true,2026-01-01,PAID,1,1
20000000255,RF17384123581488929322823,comuser2,100000002,125.0,,0.0,2026-01-01,2025-12-24,false,,EXPIRED,1,0
20000000256,RF38311961577789184250291,comuser2,100000002,150.0,,150.0,2026-01-01,2026-02-04,true,2026-01-01,PAID,1,1
20000000351,RF38176348774745462876207,comuser3,100000002,50.0,,50.0,2026-01-01,2026-01-31,true,2026-01-01,PAID,1,1
20000000352,RF39928238222807384950061,comuser3,100000002,75.0,,0.0,2026-01-01,2025-12-26,false,,EXPIRED,1,0
20000000353,RF24775631014424699192261,comuser3,100000002,100.0,,100.0,2026-01-01,2026-02-02,true,2026-01-01,PAID,1,1
20000000354,RF43774613057876074111568,comuser3,100000002,125.0,,0.0,2026-01-01,2025-12-24,false,,EXPIRED,1,0
20000000355,RF63384407955739143752701,comuser3,100000002,150.0,,150.0,2026-01-01,2026-02-04,true,2026-01-01,PAID,1,1
20000000451,RF15318847854978530396508,comuser4,100000002,50.0,,50.0,2026-01-01,2026-01-31,true,2026-01-01,PAID,1,1
20000000452,RF30667982370916273929147,comuser4,100000002,75.0,,0.0,2026-01-01,2025-12-26,false,,EXPIRED,1,0
20000000453,RF58177713328081019846136,comuser4,100000002,100.0,,100.0,2026-01-01,2026-02-02,true,2026-01-01,PAID,1,1
20000000454,RF16042715455104766950632,comuser4,100000002,125.0,,0.0,2026-01-01,2025-12-24,false,,EXPIRED,1,0
20000000455,RF30905763463735830723574,comuser4,100000002,150.0,,150.0,2026-01-01,2026-02-04,true,2026-01-01,PAID,1,1
20000000551,RF34763384811434002572736,comuser5,100000002,50.0,,50.0,2026-01-01,2026-01-31,true,2026-01-01,PAID,1,1
20000000552,RF42278331266773793906516,comuser5,100000002,75.0,,0.0,2026-01-01,2025-12-26,false,,EXPIRED,1,0
20000000553,RF19297649791728387229405,comuser5,100000002,100.0,,100.0,2026-01-01,2026-02-02,true,2026-01-01,PAID,1,1
20000000554,RF86131989646994075330333,comuser5,100000002,125.0,,0.0,2026-01-01,2025-12-24,false,,EXPIRED,1,0
20000000555,RF68522684386486533423810,comuser5,100000002,150.0,,150.0,2026-01-01,2026-02-04,true,2026-01-01,PAID,1,1
20000000651,RF60915846730923440777776,comuser6,100000002,50.0,,50.0,2026-01-01,2026-01-31,true,2026-01-01,PAID,1,1
20000000652,RF92432415299094712164659,comuser6,100000002,75.0,,0.0,2026-01-01,2025-12-26,false,,EXPIRED,1,0
20000000653,RF47169763731146912055596,comuser6,100000002,100.0,,100.0,2026-01-01,2026-02-02,true,2026-01-01,PAID,1,1
20000000654,RF75615880638572645015753,comuser6,100000002,125.0,,0.0,2026-01-01,2025-12-24,false,,EXPIRED,1,0
20000000655,RF49712946061980161346750,comuser6,100000002,150.0,,150.0,2026-01-01,2026-02-04,true,2026-01-01,PAID,1,1
20000000751,RF24744092430496040951505,comuser7,100000002,50.0,,50.0,2026-01-01,2026-01-31,true,2026-01-01,PAID,1,1
20000000752,RF57534791263290303170302,comuser7,100000002,75.0,,0.0,2026-01-01,2025-12-26,false,,EXPIRED,1,0
20000000753,RF28237017382378314649745,comuser7,100000002,100.0,,100.0,2026-01-01,2026-02-02,true,2026-01-01,PAID,1,1
20000000754,RF38049870174036234081934,comuser7,100000002,125.0,,0.0,2026-01-01,2025-12-24,false,,EXPIRED,1,0
20000000755,RF91438128392682037686681,comuser7,100000002,150.0,,150.0,2026-01-01,2026-02-04,true,2026-01-01,PAID,1,1
20000000851,RF74369024885604710503603,comuser8,100000002,50.0,,50.0,2026-01-01,2026-01-31,true,2026-01-01,PAID,1,1
20000000852,RF76360991292935569362485,comuser8,100000002,75.0,,0.0,2026-01-01,2025-12-26,false,,EXPIRED,1,0
20000000853,RF20590401794695413937196,comuser8,100000002,100.0,,100.0,2026-01-01,2026-02-02,true,2026-01-01,PAID,1,1
20000000854,RF87301346742538992554911,comuser8,100000002,125.0,,0.0,2026-01-01,2025-12-24,false,,EXPIRED,1,0
20000000855,RF60023571766880007590862,comuser8,100000002,150.0,,150.0,2026-01-01,2026-02-04,true,2026-01-01,PAID,1,1
20000000951,RF73587974844590078533324,comuser9,100000002,50.0,,50.0,2026-01-01,2026-01-31,true,2026-01-01,PAID,1,1
20000000952,RF79993793359502721188606,comuser9,100000002,75.0,,0.0,2026-01-01,2025-12-26,false,,EXPIRED,1,0
20000000953,RF48227125789631478049241,comuser9,100000002,100.0,,100.0,2026-01-01,2026-02-02,true,2026-01-01,PAID,1,1
20000000954,RF06936007247138491353780,comuser9,100000002,125.0,,0.0,2026-01-01,2025-12-24,false,,EXPIRED,1,0
20000000955,RF78452315619186974612946,comuser9,100000002,150.0,,150.0,2026-01-01,2026-02-04,true,2026-01-01,PAID,1,1
20000001051,RF27518963644708156784745,comuser10,100000002,50.0,,50.0,2026-01-01,2026-01-31,true,2026-01-01,PAID,1,1
20000001052,RF22012163093185476764142,comuser10,100000002,75.0,,0.0,2026-01-01,2025-12-26,false,,EXPIRED,1,0
20000001053,RF66532957369907877941789,comuser10,100000002,100.0,,100.0,2026-01-01,2026-02-02,true,2026-01-01,PAID,1,1
20000001054,RF42479596145831658506125,comuser10,100000002,125.0,,0.0,2026-01-01,2025-12-24,false,,EXPIRED,1,0
20000001055,RF36315121272148514818171,comuser10,100000002,150.0,,150.0,2026-01-01,2026-02-04,true,2026-01-01,PAID,1,1
20000000177,RF92206035771778313376862,comuser1,100000002,100.0,,100.0,2026-01-01,2026-01-31,true,2026-01-01,PAID,1,1
20000000178,RF19285456007852303690503,comuser1,100000002,50.0,,50.0,2026-01-01,2026-01-31,true,2026-01-01,PAID,1,1
20000000179,RF09649986480994058012532,comuser1,100000002,75.0,,0.0,2026-01-01,2025-12-26,false,,EXPIRED,1,0
20000000180,RF98213815340758510313419,comuser1,100000002,100.0,,100.0,2026-01-01,2026-02-02,true,2026-01-01,PAID,1,1
20000000181,RF65504227110246221478646,comuser1,100000002,125.0,,0.0,2026-01-01,2025-12-24,false,,EXPIRED,1,0
20000000182,RF39513036415046039148140,comuser1,100000002,150.0,,150.0,2026-01-01,2026-02-04,true,2026-01-01,PAID,1,1
20000000257,RF38477945374117884163132,comuser2,100000002,50.0,,50.0,2026-01-01,2026-01-31,true,2026-01-01,PAID,1,1
20000000258,RF83511599316734663263441,comuser2,100000002,75.0,,0.0,2026-01-01,2025-12-26,false,,EXPIRED,1,0
20000000259,RF42918310998903837907815,comuser2,100000002,100.0,,100.0,2026-01-01,2026-02-02,true,2026-01-01,PAID,1,1
20000000260,RF82833244437585928303165,comuser2,100000002,125.0,,0.0,2026-01-01,2025-12-24,false,,EXPIRED,1,0
20000000261,RF63408240375369623262124,comuser2,100000002,150.0,,150.0,2026-01-01,2026-02-04,true,2026-01-01,PAID,1,1
20000000356,RF45454712440679939135640,comuser3,100000002,50.0,,50.0,2026-01-01,2026-01-31,true,2026-01-01,PAID,1,1
20000000357,RF60166302678616582703036,comuser3,100000002,75.0,,0.0,2026-01-01,2025-12-26,false,,EXPIRED,1,0
20000000358,RF69545482421869213222749,comuser3,100000002,100.0,,100.0,2026-01-01,2026-02-02,true,2026-01-01,PAID,1,1
20000000359,RF89809634121870495487592,comuser3,100000002,125.0,,0.0,2026-01-01,2025-12-24,false,,EXPIRED,1,0
20000000360,RF24054779308309162443890,comuser3,100000002,150.0,,150.0,2026-01-01,2026-02-04,true,2026-01-01,PAID,1,1
20000000456,RF49511141589693733239865,comuser4,100000002,50.0,,50.0,2026-01-01,2026-01-31,true,2026-01-01,PAID,1,1
20000000457,RF62317694660092922166484,comuser4,100000002,75.0,,0.0,2026-01-01,2025-12-26,false,,EXPIRED,1,0
20000000458,RF51049036764469869641512,comuser4,100000002,100.0,,100.0,2026-01-01,2026-02-02,true,2026-01-01,PAID,1,1
20000000459,RF09754473620323593286631,comuser4,100000002,125.0,,0.0,2026-01-01,2025-12-24,false,,EXPIRED,1,0
20000000460,RF72021093352298474187999,comuser4,100000002,150.0,,150.0,2026-01-01,2026-02-04,true,2026-01-01,PAID,1,1
20000000556,RF83825619816845276978787,comuser5,100000002,50.0,,50.0,2026-01-01,2026-01-31,true,2026-01-01,PAID,1,1
20000000557,RF71400555619953761636819,comuser5,100000002,75.0,,0.0,2026-01-01,2025-12-26,false,,EXPIRED,1,0
20000000558,RF49493482222022302395129,comuser5,100000002,100.0,,100.0,2026-01-01,2026-02-02,true,2026-01-01,PAID,1,1
20000000559,RF55504683982919276334079,comuser5,100000002,125.0,,0.0,2026-01-01,2025-12-24,false,,EXPIRED,1,0
20000000560,RF19985720741905278535331,comuser5,100000002,150.0,,150.0,2026-01-01,2026-02-04,true,2026-01-01,PAID,1,1
20000000656,RF94469491755650159165475,comuser6,100000002,50.0,,50.0,2026-01-01,2026-01-31,true,2026-01-01,PAID,1,1
20000000657,RF98971671469841740292342,comuser6,100000002,75.0,,0.0,2026-01-01,2025-12-26,false,,EXPIRED,1,0
20000000658,RF64093414306315881402851,comuser6,100000002,100.0,,100.0,2026-01-01,2026-02-02,true,2026-01-01,PAID,1,1
20000000659,RF72295998998231483039564,comuser6,100000002,125.0,,0.0,2026-01-01,2025-12-24,false,,EXPIRED,1,0
20000000660,RF45776804931920390120423,comuser6,100000002,150.0,,150.0,2026-01-01,2026-02-04,true,2026-01-01,PAID,1,1
20000000756,RF08213185673116347810808,comuser7,100000002,50.0,,50.0,2026-01-01,2026-01-31,true,2026-01-01,PAID,1,1
20000000757,RF06868033819457477869002,comuser7,100000002,75.0,,0.0,2026-01-01,2025-12-26,false,,EXPIRED,1,0
20000000758,RF42837281648484651612045,comuser7,100000002,100.0,,100.0,2026-01-01,2026-02-02,true,2026-01-01,PAID,1,1
20000000759,RF95468171086202350249176,comuser7,100000002,125.0,,0.0,2026-01-01,2025-12-24,false,,EXPIRED,1,0
20000000760,RF26848595664439699230289,comuser7,100000002,150.0,,150.0,2026-01-01,2026-02-04,true,2026-01-01,PAID,1,1
20000000856,RF60111544785197544143684,comuser8,100000002,50.0,,50.0,2026-01-01,2026-01-31,true,2026-01-01,PAID,1,1
20000000857,RF68587232670081455917572,comuser8,100000002,75.0,,0.0,2026-01-01,2025-12-26,false,,EXPIRED,1,0
20000000858,RF26805956927364067673251,comuser8,100000002,100.0,,100.0,2026-01-01,2026-02-02,true,2026-01-01,PAID,1,1
20000000859,RF12319815643848886969266,comuser8,100000002,125.0,,0.0,2026-01-01,2025-12-24,false,,EXPIRED,1,0
20000000860,RF71473061687428278959112,comuser8,100000002,150.0,,150.0,2026-01-01,2026-02-04,true,2026-01-01,PAID,1,1
20000000956,RF23171847854957456409637,comuser9,100000002,50.0,,50.0,2026-01-01,2026-01-31,true,2026-01-01,PAID,1,1
20000000957,RF88617057094619516313679,comuser9,100000002,75.0,,0.0,2026-01-01,2025-12-26,false,,EXPIRED,1,0
20000000958,RF17344163789549391015168,comuser9,100000002,100.0,,100.0,2026-01-01,2026-02-02,true,2026-01-01,PAID,1,1
20000000959,RF21091265738241769196762,comuser9,100000002,125.0,,0.0,2026-01-01,2025-12-24,false,,EXPIRED,1,0
20000000960,RF18573203329929295271130,comuser9,100000002,150.0,,150.0,2026-01-01,2026-02-04,true,2026-01-01,PAID,1,1
20000001056,RF06151604849827404652026,comuser10,100000002,50.0,,50.0,2026-01-01,2026-01-31,true,2026-01-01,PAID,1,1
20000001057,RF23321170795466020829581,comuser10,100000002,75.0,,0.0,2026-01-01,2025-12-26,false,,EXPIRED,1,0
20000001058,RF14641749169850351590612,comuser10,100000002,100.0,,100.0,2026-01-01,2026-02-02,true,2026-01-01,PAID,1,1
20000001059,RF47783985881238701203600,comuser10,100000002,125.0,,0.0,2026-01-01,2025-12-24,false,,EXPIRED,1,0
20000001060,RF16963337674551870338349,comuser10,100000002,150.0,,150.0,2026-01-01,2026-02-04,true,2026-01-01,PAID,1,1
20000000183,RF15136218564047718257728,comuser1,100000002,100.0,,100.0,2026-01-01,2026-01-31,true,2026-01-01,PAID,1,1
20000000184,RF54323539474026431899471,comuser1,100000002,50.0,,50.0,2026-01-01,2026-01-31,true,2026-01-01,PAID,1,1
20000000185,RF58403232841734024112144,comuser1,100000002,75.0,,0.0,2026-01-01,2025-12-26,false,,EXPIRED,1,0
20000000186,RF55233995853024195110461,comuser1,100000002,100.0,,100.0,2026-01-01,2026-02-02,true,2026-01-01,PAID,1,1
20000000187,RF57452634793818461085604,comuser1,100000002,125.0,,0.0,2026-01-01,2025-12-24,false,,EXPIRED,1,0
20000000188,RF94498299273193286257310,comuser1,100000002,150.0,,150.0,2026-01-01,2026-02-04,true,2026-01-01,PAID,1,1
20000000262,RF73097665700138728691693,comuser2,100000002,50.0,,50.0,2026-01-01,2026-01-31,true,2026-01-01,PAID,1,1
20000000263,RF31967343675861110000511,comuser2,100000002,75.0,,0.0,2026-01-01,2025-12-26,false,,EXPIRED,1,0
20000000264,RF72063709654576448459387,comuser2,100000002,100.0,,100.0,2026-01-01,2026-02-02,true,2026-01-01,PAID,1,1
20000000265,RF27261320807075800965136,comuser2,100000002,125.0,,0.0,2026-01-01,2025-12-24,false,,EXPIRED,1,0
20000000266,RF72076930574721660275761,comuser2,100000002,150.0,,150.0,2026-01-01,2026-02-04,true,2026-01-01,PAID,1,1
20000000361,RF11244092667063764907492,comuser3,100000002,50.0,,50.0,2026-01-01,2026-01-31,true,2026-01-01,PAID,1,1
20000000362,RF03841681648971743638205,comuser3,100000002,75.0,,0.0,2026-01-01,2025-12-26,false,,EXPIRED,1,0
20000000363,RF45121415581979765382691,comuser3,100000002,100.0,,100.0,2026-01-01,2026-02-02,true,2026-01-01,PAID,1,1
20000000364,RF23827525287922520702209,comuser3,100000002,125.0,,0.0,2026-01-01,2025-12-24,false,,EXPIRED,1,0
20000000365,RF33615811716783436244558,comuser3,100000002,150.0,,150.0,2026-01-01,2026-02-04,true,2026-01-01,PAID,1,1
20000000461,RF77956593664681569436097,comuser4,100000002,50.0,,50.0,2026-01-01,2026-01-31,true,2026-01-01,PAID,1,1
20000000462,RF22035497619675168498924,comuser4,100000002,75.0,,0.0,2026-01-01,2025-12-26,false,,EXPIRED,1,0
20000000463,RF90819567996542955250196,comuser4,100000002,100.0,,100.0,2026-01-01,2026-02-02,true,2026-01-01,PAID,1,1
20000000464,RF87617031353869056738554,comuser4,100000002,125.0,,0.0,2026-01-01,2025-12-24,false,,EXPIRED,1,0
20000000465,RF36325332041212416158363,comuser4,100000002,150.0,,150.0,2026-01-01,2026-02-04,true,2026-01-01,PAID,1,1
20000000561,RF69964825475025519295621,comuser5,100000002,50.0,,50.0,2026-01-01,2026-01-31,true,2026-01-01,PAID,1,1
20000000562,RF68932067022725919355567,comuser5,100000002,75.0,,0.0,2026-01-01,2025-12-26,false,,EXPIRED,1,0
20000000563,RF97586514569898807886185,comuser5,100000002,100.0,,100.0,2026-01-01,2026-02-02,true,2026-01-01,PAID,1,1
20000000564,RF52323864335464219044002,comuser5,100000002,125.0,,0.0,2026-01-01,2025-12-24,false,,EXPIRED,1,0
20000000565,RF09598092372122344033314,comuser5,100000002,150.0,,0.0,2026-01-01,2026-02-04,false,,EXPIRED,1,0
20000000189,RF68546598045118808312948,comuser1,100000002,100.0,,100.0,2026-01-01,2026-01-31,true,2026-01-01,PAID,1,1
20000000190,RF50413979062107388387989,comuser1,100000002,50.0,,0.0,2026-01-01,2026-01-31,false,,EXPIRED,1,0
20000000191,RF94261191729359007398637,comuser1,100000002,75.0,,0.0,2026-01-01,2025-12-26,false,,EXPIRED,1,0
20000000192,RF41108833745191701725221,comuser1,100000002,100.0,,0.0,2026-01-01,2026-02-02,false,,EXPIRED,1,0
20000000193,RF66894963352583646948841,comuser1,100000002,125.0,,0.0,2026-01-01,2025-12-24,false,,EXPIRED,1,0
20000000194,RF85632681141636309548879,comuser1,100000002,150.0,,0.0,2026-01-01,2026-02-04,false,,EXPIRED,1,0
